start_latitude,start_longitude,end_latitude,end_longitude,dfo_start,dfo_end,road
30.26720,-97.74310,30.26850,-97.73880,100.0,100.5,IH-35
30.26850,-97.73880,30.27010,-97.73420,100.5,101.1,IH-35
30.28000,-97.75000,30.28300,-97.74650,220.0,220.7,US-183
30.28300,-97.74650,30.28620,-97.74290,220.7,221.5,US-183
